id;name;create_by;created_date;updated_date;updated_by
1;Table;31264;2022-05-22T08:50:07;2022-05-22T22:17:53;96124
2;Integration;82897;2022-05-23T01:59:02;2022-05-22T07:34:40;89081
3;HTTP Checking;90596;2022-05-22T06:05:20;2022-05-22T08:07:28;83846
4;Berkshire Planner enterprise;13053;2022-05-23T03:35:25;2022-05-22T23:31:45;84884
5;Soap Salad killer;19780;2022-05-23T04:00:14;2022-05-22T23:47:39;52690
6;Washington;94420;2022-05-22T19:04:50;2022-05-22T14:41:39;26839
7;Designer array;15061;2022-05-22T11:28:52;2022-05-22T23:23:03;44764
8;Loan Music;61498;2022-05-22T16:16:41;2022-05-22T22:50:50;33352
9;Account Front-line plug-and-play;23683;2022-05-22T04:56:43;2022-05-22T21:07:32;76773
10;Rubber;66292;2022-05-22T15:24:17;2022-05-22T06:50:36;92065
